{"cameraMode":{"drawMode":0,"name":"Shaded","section":"Shading Mode"},"sceneLighting":true,"audioPlay":false,"sceneViewState":{"m_AlwaysRefresh":false,"showFog":true,"showSkybox":true,"showFlares":true,"showImageEffects":true,"showParticleSystems":true,"showVisualEffectGraphs":true,"m_FxEnabled":true},"in2DMode":false,"pivot":{"x":-2.359767198562622,"y":0.6998820304870606,"z":-4.7881622314453129},"rotation":{"x":0.016806205734610559,"y":0.010740870609879494,"z":-0.0005943332798779011,"w":1.0000295639038087},"size":4.08652925491333,"orthographic":false}