{"cameraMode":{"drawMode":0,"name":"Shaded","section":"Shading Mode"},"sceneLighting":true,"audioPlay":false,"sceneViewState":{"m_AlwaysRefresh":false,"showFog":true,"showSkybox":true,"showFlares":true,"showImageEffects":true,"showParticleSystems":true,"showVisualEffectGraphs":true,"m_FxEnabled":true},"in2DMode":false,"pivot":{"x":0.2969456613063812,"y":1.1769887208938599,"z":0.08968894928693772},"rotation":{"x":-0.0000543202186236158,"y":1.0000324249267579,"z":-0.001808913191780448,"w":-0.006252623163163662},"size":0.316817969083786,"orthographic":false}